url,label_it,level,id.@language,id.@value
https://w3id.org/italia/social-security/controlled-vocabulary/CUStatement/codici_redditi_esente/13,"nel caso di somme che non hanno concorso a formare il reddito imponibile (50% dell’ammontare erogato), relative ai compensi percepiti dai lavoratori impatriati rientrati prima del 30 aprile 2019 che hanno esercitato l’opzione di cui al provvedimento del Direttore dell’Agenzia delle entrate del 3 marzo 2021 (come rettificato con l’errata corrige del 24 giugno 2021);",,it,13
https://w3id.org/italia/social-security/controlled-vocabulary/CUStatement/codici_redditi_esente/14,"nel caso di somme che non hanno concorso a formare il reddito imponibile (90% dell’ammontare erogato), relative ai compensi percepiti dai lavoratori impatriati rientrati prima del 30 aprile 2019 che hanno esercitato l’opzione di cui al provvedimento del Direttore dell’Agenzia delle entrate del 3 marzo 2021 (come rettificato con l’errata corrige del 24 giugno 2021);",,it,14
https://w3id.org/italia/social-security/controlled-vocabulary/CUStatement/codici_redditi_esente/15,"nel caso di somme che non hanno concorso a formare il reddito imponibile (90% dell’ammontare erogato), relative ai compensi percepiti dai docenti e ricercatori rientrati in Italia prima del 2020 e che alla data del 31 dicembre 2019 risultano beneficiari del regime previsto dall’art. 44 del D.L 31 maggio 2010, n. 78 che hanno esercitato l’opzione di cui al provvedimento del Direttore dell’Agenzia delle entrate del 31 marzo 2022,",,it,15
https://w3id.org/italia/social-security/controlled-vocabulary/CUStatement/codici_redditi_esente/2,"nel caso di somme che non hanno concorso a formare il reddito imponibile (90% dell’ammontare erogato), relativo ai compensi percepiti dai docenti e dai ricercatori in base a quanto stabilito dall’art. 44 del D.L 31 maggio 2010, n. 78, convertito con modificazioni, dalla L. 30 luglio 2020, n. 122;",,it,2
https://w3id.org/italia/social-security/controlled-vocabulary/CUStatement/codici_redditi_esente/21,nel caso di redditi esentati in tutto o in parte da imposizione in Italia in quanto il percipiente risiede in uno Stato estero con cui è in vigore una convenzione per evitare le doppie imposizioni in materia di imposte dirette;,,it,21
https://w3id.org/italia/social-security/controlled-vocabulary/CUStatement/codici_redditi_esente/22,nel caso di retribuzioni corrisposte a dipendenti residenti nel territorio dello Stato da Enti e Organismi internazionali nonché da rappresentanze diplomatiche e consolari e missioni;,,it,22
https://w3id.org/italia/social-security/controlled-vocabulary/CUStatement/codici_redditi_esente/23,"nel caso di somme corrisposte per borse e assegni di studio o per attività di ricerca esenti sulla base di specifiche disposizioni normative (ad esempio le borse di studio per dottorato di ricerca corrisposte dalle università e dagli istituti d’istruzione universitaria previste dalla legge 30 novembre 1989, n. 398; le borse di studio per attività di ricerca post-lauream, previsti dalla legge n. 210/1998; gli assegni di ricerca previsti dalla Legge n. 240/2010);",,it,23
https://w3id.org/italia/social-security/controlled-vocabulary/CUStatement/codici_redditi_esente/24,nel caso di erogazione di somme esenti o che non hanno concorso a formare il reddito imponibile da parte dell’INAIL;,,it,24
https://w3id.org/italia/social-security/controlled-vocabulary/CUStatement/codici_redditi_esente/25,nel caso di erogazione di somme esenti o che non hanno concorso a formare il reddito imponibile da parte dell’INPS;,,it,25
https://w3id.org/italia/social-security/controlled-vocabulary/CUStatement/codici_redditi_esente/26,"nel caso di somme percepite dal lavoratore con disturbi dello spettro autistico, assunto dalla start-up che in base all’art. 12-quinquies del D.L n. 146 del 2021, non concorrono alla formazione del reddito imponibile complessivo",,it,26
https://w3id.org/italia/social-security/controlled-vocabulary/CUStatement/codici_redditi_esente/4,"nel caso di somme corrisposte che non hanno concorso a formare il reddito imponibile (50% dell’ammontare erogato), relative ai compensi percepiti dai lavoratori impatriati che sono rientrati in Italia dall’estero in base a quanto stabilito dall’articolo 16 del D.lgs. n. 147 del 2015, modificato dalla legge n. 232 dell’11 dicembre 2016;",,it,4
https://w3id.org/italia/social-security/controlled-vocabulary/CUStatement/codici_redditi_esente/6,"nel caso di somme corrisposte che non hanno concorso a formare il reddito imponibile (70% dell’ammontare erogato), relative ai compensi percepiti dai lavoratori impatriati in base a quanto stabilito dal comma1, dell’articolo 16 del D.lgs. n. 147 del 2015 modificato dal D.L. 30 aprile 2019, n. 34. Per i lavoratori rientrati in Italia dal 30 aprile 2019 al 2 luglio 2019, la fruizione di tale agevolazione è subordinata all’emanazione del decreto ministeriale di cui al comma 2, dell’art. 13-ter del decreto-legge 26 ottobre 2019, n. 124, convertito, con modificazioni, dalla legge 19 dicembre 2019, n. 157;",,it,6
https://w3id.org/italia/social-security/controlled-vocabulary/CUStatement/codici_redditi_esente/8,"nel caso di somme corrisposte che non hanno concorso a formare il reddito imponibile (90% dell’ammontare erogato), relative ai compensi percepiti dai lavoratori impatriati in base a quanto stabilito dal comma 5-bis, dell’articolo 16 del D.lgs. n. 147 del 2015 modificato dal D.L. 30 aprile 2019, n. 34. Per i lavoratori rientrati in Italia dal 30 aprile 2019 al 2 luglio 2019, la fruizione di tale agevolazione è subordinata all’emanazione del decreto ministeriale di cui al comma 2, dell’art. 13-ter del decreto-legge 26 ottobre 2019, n. 124, convertito, con modificazioni, dalla legge 19 dicembre 2019, n. 157;",,it,8
https://w3id.org/italia/social-security/controlled-vocabulary/CUStatement/codici_redditi_esente/9,"nel caso di somme corrisposte che non hanno concorso a formare il reddito imponibile (50% dell’ammontare erogato), relative ai compensi percepiti dai lavoratori impatriati che hanno trasferito la loro residenza in Italia a decorrere dal 30 aprile 2019, in base a quanto stabilito dal comma 5-quater, dell’articolo 16 del D.lgs. n. 147 del 2015 modificato dal D.L. 30 aprile 2019, n. 34. L’opzione per questo regime agevolato comporta il versamento di un contributo pari allo 0,5 per cento della base imponibile. Le modalità per l’effettuazione di tale versamento sono state stabilite con il decreto del Presidente del Consiglio dei Ministri del 26 gennaio 2021;",,it,9
